event_timestamp,node_name,event,log_timestamp,message_length,log_time
1631045081.463153,node1,d71edf3cc921e9abb5466ab9df0adc16b3a176295ec3cdb4c889757f6807540c,1631045081.463542,88,4:41
1631045081.493543,node3,7bc491edc2e4aa3d71a798058d4a4180e50df18725e8438c6611b243c0669dea,1631045081.493849,88,4:41
1631045081.7092109,node2,0d02d3837b519e45f86ea2da7914c675b8cb6fd856e5d62b2ad23ae5b0d7809b,1631045081.709447,89,4:41
1631045081.898983,node1,43c4164b82701d2b0b8c6105b6db63e973bb4a6ca322214bc13a7e18e58e026e,1631045081.899164,88,4:41
1631045082.363437,node1,f0ae9b1c936b4a63779137e43d1267935bc8e3a122f0b748f4490377c055d523,1631045082.363884,88,4:42
1631045082.3693671,node1,2943ce6fc09abfda4fab40895a203959e06b7faa9837c339abaebfdcd0dd518f,1631045082.369642,89,4:42
1631045082.665518,node2,a7b4c4b20060c60ce348084d3ee697587e28db6a7a90d5b08f6c31162c364461,1631045082.665946,88,4:42
1631045083.1826072,node3,0d587554159a742cc5dd9499cc5300cd4d10095af7f5a59d40f5c7201c4c93ad,1631045083.182911,89,4:43
1631045085.5548851,node1,26c06e75ab06d812659f94248831392da4914de6cedde64aaa515eb0dd06f723,1631045085.555249,89,4:45
1631045085.961953,node3,5deb11611564825d78a63c988f84a15837c5e76fad7a55880b32c39289e12f0d,1631045085.962201,88,4:45
1631045087.345997,node2,b582ded107b3b1d4bd3192d07297fadb1a784b16e2d427e8a8caebc642681782,1631045087.346297,88,4:47
1631045087.5041301,node3,fc4289c523343100328983b9f7d67e8e89ad21b26bbb6a0a235b2a42de6ce4fc,1631045087.504332,89,4:47
1631045088.422871,node3,3265e46e72a1608032788a25a68a39f489950c6068cca274b0df172459956141,1631045088.4233081,88,4:48
1631045090.531729,node3,c3e86bb1e2adfd84fc3dbdfce763670f1b5518aa95fc3089db7a846e1c414e29,1631045090.5320299,88,4:50
1631045090.715759,node3,eb2d93e8e1dde76f48cc47b258589194112ebcc0d2624280d4b0c6a4a550c5fc,1631045090.716196,88,4:50
1631045091.409132,node1,6bd3af9c8e6b7b35641feb78146ddc4fbb70d7fb3f5508e7bd14f0a6c559716b,1631045091.409577,88,4:51
1631045091.444648,node2,92fb6eaa55ab8aec1b7b843c909653daac48416cec27e7876787b6b3c00d3f36,1631045091.44507,88,4:51
1631045091.803125,node1,d7826c533881c04531ce21cbbba9073f00d60669462d0286046499fd3189d639,1631045091.803583,88,4:51
1631045092.673182,node1,dfff80f52525dd10fe4afe28266f9d252c58aa2e73fc90f19dd1e1e79c603245,1631045092.67342,88,4:52
1631045092.990848,node3,85b1a846a319cf4019864015a45a98f8c6bd4508b7010a3a293e046c327b7b9b,1631045092.991178,88,4:52
1631045093.5101418,node1,54cde6ae23a86539cfdb52f0c44f31f876a42ed954d7227c13a28ab7dff12b00,1631045093.510356,89,4:53
1631045094.132106,node2,ed9f31715607bff11f744a31bce440cbb2b789f82fdbeff497b4066357be9218,1631045094.1323571,88,4:54
1631045094.435457,node3,d9954ee99392d264e1ba8a5f492c9ad14e729ac275fdb9fb87271bdde057ad63,1631045094.4357052,88,4:54
1631045095.266346,node2,7b169c47dcca45e9a651fc6e40cc225f6b89c0ff957f35601e56547c8f1a2c04,1631045095.2666519,88,4:55
1631045095.438024,node2,7380c04e6a10fc30d59e4aea7b99a358ff628fa3c38df8a241546aae0b799ea9,1631045095.438252,88,4:55
1631045096.380394,node2,9c543bcc9b4a040c58d9e0dbfd6095a59e535613910a7c8fad8b2a1319be3b67,1631045096.3807201,88,4:56
1631045096.5045362,node1,30c132266c1f3dad40ef38c64544ce1b52b038abb50dfee9566a993d0b5fd98e,1631045096.5049841,89,4:56
1631045096.7892458,node3,32bb6b6958066c28fb2dc120ac027738b947a4727220caeecbde065c17d6c5cf,1631045096.7895749,89,4:56
1631045097.359019,node2,63e4ae2222ec71b99a66b5a9026200099822b12c26727903b4be3296fa373ec9,1631045097.359245,88,4:57
1631045098.333955,node3,cdc65e39be736fb21acb52f5bd8460ff5654c5db3c7b47d27ae835c05ac4ffc2,1631045098.334317,88,4:58
1631045098.679874,node2,14e2722eaa59aefe376f3b4a4e1272cb61f2c30c901db8d35117c424d334c8ae,1631045098.6802838,88,4:58
1631045098.72234,node1,0da25974ba83462628f3105b0bef06a13ddcbef4b231c0cb33c54a6f79781167,1631045098.722751,87,4:58
1631045098.8591108,node3,fd74aa3bb0d1e8b9f1f07598d6f9b84ece46385d0a86e0c75e04ecac943d1dc5,1631045098.859509,89,4:58
1631045099.050957,node1,7be9a80b1031c2d04fd38bcae9eb6971545366ff692a44c94a6ef240c1f7a812,1631045099.0511942,88,4:59
1631045099.471566,node1,34b79e8885d75fc6709c38ddd1de988fa6c7435bc0c592735a460fb04c00e6de,1631045099.471841,88,4:59
1631045099.901879,node3,135af45664c8d18b1dd921ca4ff1a06f8d2615ff3675e9ab2446f605078a9333,1631045099.902177,88,4:59
1631045100.1881049,node3,82190a2ffcff30ded17e05395c835ebeddf42eac982c5b3f99e48a428bacbf8c,1631045100.188545,89,5:0
1631045100.941399,node1,72bb81204151619ec90638dc8731ee8b01c94934c618500176e5249dbe77c7f3,1631045100.941633,88,5:0
1631045101.593482,node2,91c6e734d4ab11f13a99131034aacac4846192e60d8f8eea8439357b03bd933f,1631045101.5937421,88,5:1
1631045102.789278,node2,c8cafdbde019004af781b498ab3a6f106f37486f74db82d2dcaa698e54c9ee09,1631045102.789574,88,5:2
1631045103.2215412,node1,f29399a950e5441ec1ccaddb06374410f47011cf35cd0ec50221278d47a73f15,1631045103.221855,89,5:3
1631045103.613645,node1,d6fa2a02af304b658b1b353d0afb1a10abe524cba3511591d1ee9e3142b88403,1631045103.613882,88,5:3
1631045103.626146,node3,097ee795a6e7f9c0de91ba265cc885f23f979bc7c330a3e82a9bfdc8da04ab0d,1631045103.626495,88,5:3
1631045104.093239,node3,63a819333295dbc5fa5317093f81fbd148892f9c15feba33f1d231ebc6f1306f,1631045104.093528,88,5:4
1631045104.160508,node3,a766a329fd85f51e37cc7c606ed5fcd1f9e0f4e0aa2aa639f84c65f551ae1087,1631045104.160783,88,5:4
1631045104.6268952,node3,2c2daf172beb9cc431e4bba519c1207abfea61ef4c123d85c8f5dad85e9b1cdf,1631045104.627085,89,5:4
1631045104.769004,node3,fcb5921bce2d3ff5876c5795195956fc1e20e38f0ee107c46ac71bf3d1e7e02f,1631045104.769193,88,5:4
1631045104.938006,node2,e82ceb49e3569b3deb2233045199d263ec8face988dba10821829da868121e18,1631045104.938271,88,5:4
1631045106.060139,node2,16ae9578f0cabaf50056651ad33d7bdf1ea7c43499a32a4f23b0cabc9b35bfbf,1631045106.060621,88,5:6
1631045106.2494578,node3,26b4b9d797341d800c0783d758cba549b6358086ce2f1977e184dbd2eb62a136,1631045106.2497432,89,5:6
1631045106.576959,node3,4ba56aef158832ccd2fa14b0b7c29cbe53282156da993c7e1f541626065175f6,1631045106.577266,88,5:6
1631045106.7597492,node3,4e54588308f3c59d6bf1fdff35a431594235c62c4252268056962fe5952caf5b,1631045106.7600372,89,5:6
1631045107.703306,node3,5cf66a1a86e7901c7f48d9a9a0d2936f1545c9ed1b287c18eef5a8b98b8a9bed,1631045107.703577,88,5:7
1631045108.0217211,node2,43c1b02caf0c2681730a9383adec4e3f1dd0705048954df25818104142dda78b,1631045108.021918,89,5:8
1631045109.174599,node1,11caf843510854d9ddffe278866aa1e7ed04e7eb52c6ddc34495773317c2920c,1631045109.1748962,88,5:9
1631045109.878287,node1,77045e5221c64aa8eddce2079a5050a0e328dfc3332c4f9c4ec5614ef9e34fad,1631045109.878619,88,5:9
1631045110.114944,node1,4a9752a9dbe6085e31f77bb5b7b79be8210280380bfaacbd929739d291e9deb2,1631045110.115242,88,5:10
1631045110.416781,node3,ee1b65d6dfe378fd6b4d1cfa7301bf6750b7a53c42abb120fbebae779e97384e,1631045110.417069,88,5:10
1631045111.401336,node3,36d7ee6c9b3968c7d59058c4706c3c6642d54900eefaea63ef60b0672bd7f15c,1631045111.401806,88,5:11
1631045113.737962,node3,8d3a4eed2b52adb304fa16103443592d9c605a5b91e11aaa8f56b8146c0881be,1631045113.7381592,88,5:13
1631045113.846132,node2,1661f58c00abf53c6863cd47d08909fa42563568b2b16d493d74cb0ce93a79fe,1631045113.8463302,88,5:13
1631045114.098628,node1,faeaa1a1d3638d1217442f41f312409038c57ac6859fc9a0cdf646187ebd79f6,1631045114.098946,88,5:14
1631045114.887944,node3,1ea6556f86898ca280a022a89e9c2162fcbc7772a56172417b5e5e8c697895cd,1631045114.888159,88,5:14
1631045116.465009,node3,81a11fb0ead36fc49f077f73ca008dd2da31e85c9e0306ce15c793792750e9b0,1631045116.465463,88,5:16
1631045117.615461,node2,44be6b83ad9afc3e602170934d5644e7f22a208ee558ead72162cbca52e9460b,1631045117.6157901,88,5:17
1631045118.729286,node2,b5ea5b9e2cfdc82d89f91e195b2ba509c1c231ddc5133255e90b4361f722ad82,1631045118.729832,88,5:18
1631045119.167976,node3,9ad564eb09974b15351b6a06768f28a9b9fb781f8081001219530d8fedb5994b,1631045119.1684108,88,5:19
1631045119.58095,node1,2dc04764f75efbb287fdd4360c82ba2bff843fd1f9c97632ee6a4ec4e8d211b1,1631045119.5811808,87,5:19
1631045123.036383,node1,5a77db4902481baf57c08febf7b2c16472c0b85cb10e56051171bbb3b33d6a1d,1631045123.0366552,88,5:23
1631045123.5443468,node3,8ca304fa1bf3bf80245a3e39e25c8f2dd605648cda7290a16467dd2b79e5c194,1631045123.5446,89,5:23
1631045124.638586,node2,e4c4bf51eabc3c09a425d0568971ac8e112cad2a92b994ad97b093805162702c,1631045124.638848,88,5:24
1631045124.871396,node3,3583d368079f1a66e0c87e073393bfdb2bfd7412fe6ddf283404d66b0591b044,1631045124.871597,88,5:24
1631045125.490678,node2,300f5bbe69680719a1bdbf24ff3a41ab589ac236aa467a69fecd8f4a9298e157,1631045125.49107,88,5:25
1631045125.821517,node3,26c563506bd803895427755d9ecc0407ed491de47151626ae1be77934340c6f3,1631045125.821834,88,5:25
1631045126.461277,node3,32ffd7bbf8835661563915ddeb9b5d2b94c0f32168dd637b63ecb981a9177c64,1631045126.461648,88,5:26
1631045126.491074,node3,24d455b23e227f1fe83a3956828fd54df33fa12c3db556c2ffc4c7e599d50e64,1631045126.49139,88,5:26
1631045126.577719,node2,b931753863380070468e275a0b3af5a130881c02c788e857bd32b40845d9903b,1631045126.5779579,88,5:26
1631045126.589082,node1,fd36b3597ccad0a45f91ec802101ce79d0a0b08f46bc4efb48d64c511e762e39,1631045126.589445,88,5:26
1631045128.221387,node2,af07261d3c326e7c814454d79afd543dcf8582e6de44392ac5e685f8fe4fc4a9,1631045128.221588,88,5:28
1631045128.488607,node3,c39546aa4ae224f3833bf5ffcaf463090ee90b0e4eff3530b76e9457cd2a28d0,1631045128.489059,88,5:28
1631045129.043574,node1,d875067b18da3bec5d07a67d4032729cd2c101b146ef41e932479a9236268347,1631045129.043851,88,5:29
1631045129.190254,node3,bafdf73f487891a3654890cfc934bbafba0e3bda7befb62405e2cd76b6794cbd,1631045129.190502,88,5:29
1631045131.687964,node2,86acdceaa49a35dd58347ee382662f00ebd6288dadb320b4dfb119165bf94df6,1631045131.688433,88,5:31
1631045131.921432,node2,79f10f9fbd497aab0ecb8f7301c6d7de3edefa7aaf0f405a0d6cd71d604ad84b,1631045131.9218078,88,5:31
1631045132.415744,node2,105c3f7b4464be3ae3f756fce8fef2323b5242092d364a078b9a2b9653766184,1631045132.4160042,88,5:32
1631045132.4825652,node2,23f76cf5ecf940962a65e64bad323ec8cd758a2c5ca88de3c04872d22d299740,1631045132.4829729,89,5:32
1631045133.908899,node1,1ee55d4e5e0aa6ed1eddc8673b08a893260b33cec0f48dc3c3af197ba2b58805,1631045133.9093308,88,5:33
1631045134.196287,node3,140cc92c5abd938895ccc634cd89779b01d5d9a2912ce9f9a72b53d4cbaae3e7,1631045134.196536,88,5:34
1631045134.300035,node2,bc6bb7609e8095bca12a563511cad5970b23927a5db9cf7dc3d3e12aaa04e388,1631045134.30028,88,5:34
1631045135.237914,node1,5e4215343ed6d9435a3fc826c800ee1a2df7e002706088c1b95210618c8ce00e,1631045135.2384179,88,5:35
1631045136.004416,node3,6e2272f211c7802606e0e9e2505e19cc4237f8c8b0e4fd1c24492e08d4ad8bd0,1631045136.004916,88,5:36
1631045136.421375,node3,e6acea58d952255b900d127d8858560bb457ccbb8203939f95264361764071a3,1631045136.421661,88,5:36
1631045136.481358,node3,6cc51365e72b7f58f0ff526b803eae6758b381b35ecde9af25916e5db095d4d6,1631045136.481632,88,5:36
1631045137.8588748,node2,7968d693f3980f73d5b4a7201e4e9878cd63efb11777ca9829710c9ce31b8fb8,1631045137.859306,89,5:37
1631045137.8726022,node2,8077e37b59168c0fb44c38c34a95507f48b43fefda5f7040927a6cfb7f5a4167,1631045137.872879,89,5:37
1631045138.658933,node2,4d1701aba3bf6d084d7307685a703b113def162c7009168ddf62afc3d67aaa3e,1631045138.65937,88,5:38
1631045138.7408938,node2,0d151e7dcc4e857e49fcb956e5e23bb2acd7512e17672a4496088e2a6cb2c326,1631045138.741295,89,5:38
1631045139.639202,node3,76e2f7769d1fbb7bb645c52cf40b9209e922bda412f169d215dc156788874ad5,1631045139.6395252,88,5:39
1631045139.73212,node1,f39b1b497e148d0996123b0d8978b70410e0517b7f0eafb91320915f9c3c3aba,1631045139.732398,87,5:39
1631045142.2334678,node1,65e60da6a2efc424f69a6f5d9cea2ddfc70eecbd6de79fee624533c005fcc1a1,1631045142.23375,89,5:42
1631045142.3761039,node2,4d1bc534c680b7e4bc729bdaeb7e4d1442faf1753ee9e5ab2f24104a47b82014,1631045142.37653,89,5:42
1631045142.494658,node3,64d033ad6b55caee3c314dd93859811d4ef856cd3b7cb6cd988df53bade58800,1631045142.495106,88,5:42
1631045142.744413,node1,e57e0afbe062c84c426295e52bdc04598251e369c8347d687cf5fa24b8ca5ec6,1631045142.744819,88,5:42
1631045142.908965,node3,e54876154592a64e84e00f65d6191fd99d31d123c5be303a5993fa66cef4ef9a,1631045142.909386,88,5:42
1631045143.071361,node1,db3200ecfcede0bb1304f11743d0974f8c233e69674fd650b11924b248a103f7,1631045143.0717702,88,5:43
1631045143.620179,node2,05b42a2051e5dc2bd143d0457816a71fdd3f267f2f60f0d55b14b184528f0f22,1631045143.6205142,88,5:43
1631045143.95299,node1,ad28f48cf0876b8390223d8f79342314c99446aea8752fb980746dc432f89d46,1631045143.9532318,87,5:43
1631045144.7758238,node3,563b3b3061cd5783278c481602a7f2865dfd99b2e5f23886937cf365cd7a6165,1631045144.776104,89,5:44
1631045145.05883,node2,49c66b82abd3cd1714d473f8acdb7717bea3f0f2d5fee79e38607bbadbc5ffe6,1631045145.059119,87,5:45
1631045146.410502,node3,07e85df49a4060d8f77539e0e099f3e5fda852be73053eeb30f75f66c3c33863,1631045146.4107609,88,5:46
1631045146.778018,node3,2e0d48115a20dc8ca308db1c8141f67bf451248eee8f9ac1b6aa85897d1764ca,1631045146.778463,88,5:46
1631045148.589154,node1,695b2cb9ae86ab8d13b280fa2ba60d3d0d70dd05f9be0f216aae08c45718c653,1631045148.589468,88,5:48
1631045149.1747048,node2,0fb1561dfa0e1d2fafc3640b1c79a713291b76aab70c62e6bfc088e727f4a109,1631045149.175135,89,5:49
1631045151.064118,node3,e80a2468b8a8e39b65f7d5d0b1d05fe85eb7a8be033687edeee5bce3157c1197,1631045151.064393,88,5:51
1631045152.605495,node2,f7c5103cd1793a62cb3a99850a0191c11490cc943d14e67b01b23d65fe5b32f4,1631045152.6059241,88,5:52
1631045153.504243,node1,1375e1f643d2b84a0dc40b52bddd7add943b8db9489458d2ae5a6b6c329f5e76,1631045153.504555,88,5:53
1631045155.337815,node3,0c350c43759d81182bea7b46ef9983f20cdd4a5c4c9553df8756f70d7d1ca95f,1631045155.3382258,88,5:55
1631045156.95415,node2,77594dff3ab85cfb28950ad80fecaad0652d64bf9113aaa9ba2ba51f636082e4,1631045156.954539,87,5:56
1631045156.959649,node2,f156f164ec2177d53137b1f33a4aab1fd5d89f9db0d2f456ed1146cb667152dc,1631045156.960062,88,5:56
1631045157.6099489,node1,a3b0e8a2576d48d3a95aad3a7ceeecfa280e439e7ef6dd80944a346005515416,1631045157.610423,89,5:57
1631045157.639306,node1,a425cb507712c21324e4ac0feb828ea53e9d62eeac3d8b7cd7322b485440fbf0,1631045157.6396,88,5:57
1631045157.895155,node2,33289e7c8d167837cfa32f80c2668773acb65accf48a35e97e9d009b6205c524,1631045157.895328,88,5:57
1631045158.495679,node1,6e14772104cbc1bee7645c6cebda04839c8a0cee40d72549f24f97106fe31421,1631045158.4961438,88,5:58
1631045159.037855,node2,03d746e484807788c7952f595d878ca47bd47acd73ba502d1f21126292b66517,1631045159.0382879,88,5:59
1631045159.512383,node1,ec158216d6a8fe0aea4734be862f91f9a0fbe42490d71a5449e99ebd6ddca719,1631045159.512657,88,5:59
1631045159.983417,node1,664426f4a321e4537164da5855019f8d9a62a70457761f1a1e6a3d0dd24b4e26,1631045159.983836,88,5:59
1631045160.110922,node3,099085498df4742ce766f01035e77c75db13ad95219b6272ae3f6a98d386371f,1631045160.111232,88,6:0
1631045161.0532491,node3,3f1a7a4b856dd349781c58f36ae3695bb600e9f98473c44ecbec3e388984ca0a,1631045161.053679,89,6:1
1631045161.0712588,node2,6306c7934c97fa95889e22b2f0006b96c417352800de95c190b5d4c99f0aeedb,1631045161.071488,89,6:1
1631045162.508975,node2,bb2dec7df9e3cfd9705a52d8f2f4615a28d17aac78ba7e564f54805b53da834d,1631045162.50942,88,6:2
1631045163.781479,node3,9aa8a6c2582c0f24d5b5bacf66036641e48e2c5c31235d995f1c27dd23ebf2ef,1631045163.78176,88,6:3
1631045163.8441432,node3,11fc68082d892b285aba78d1854ee9166b188cbf569afab138e10a89c203230a,1631045163.844552,89,6:3
1631045164.893023,node3,1de74d016e866c20e50040c04b07c7149aa97312ae4061f94f75e2393271967f,1631045164.8932328,88,6:4
1631045165.587775,node1,a2253d2851cf22db3ad87c0483193607336c1f3c42fa593860c4a854f7e8711a,1631045165.588158,88,6:5
1631045166.665219,node1,ab8319335b89857201d53884b8451987078937d94bbefdbbf68d61a61fdf77e8,1631045166.6656482,88,6:6
1631045168.023511,node2,651bb2054de8af905ad23050020ca744182effe30f3c12248ade4601b17df2d6,1631045168.023701,88,6:8
1631045169.5877829,node2,e2566bf6dfb9792929ae3aa3c8ca8d4264023a480f925735260b721d5d9cdddb,1631045169.588268,89,6:9
1631045169.971265,node1,c17f9b9c39f38de8bbbd9ffd1c5b20e4590a2a0fb79ecf68bbddeabb624f8b3d,1631045169.9715688,88,6:9
1631045171.658772,node2,4a5de6e896fdd63b0edcadd02bc025a49e3258785d65e734e12669f96a65ac06,1631045171.6590521,88,6:11
1631045172.1087282,node1,fc82188b626bc58b9ef598effce14252194ee7697bbe3a13e31ec390d0c45ab8,1631045172.108997,89,6:12
1631045172.365504,node2,beb24a437996c641132ff93e123147f4d53058f3001e53098eba90cbc17a0b1f,1631045172.365769,88,6:12
1631045172.831423,node1,01b05d340a8bdb7bfdd5fd557f33c82e6912fa1679804307081bb19d16c313ad,1631045172.831591,88,6:12
1631045173.3482828,node1,94c7d37481584f0eecb2be3dc62618537f657ca521dec9e271688f38b311ed84,1631045173.348562,89,6:13
1631045175.012214,node3,a7308a210e8f90d35156bb5e6b27e9ed0839ab7ac1e135b654964c69a7ad2710,1631045175.012486,88,6:15
1631045175.65328,node3,87b67ff7e83c4fbe17ae238b42ffd121969de156e88b428351c78fdb6b0b7c14,1631045175.653588,87,6:15
1631045175.981775,node3,c5a2b699e0cb33fc728a82c0399fb3583a53b0f038ec2e7337496d855e816d20,1631045175.982087,88,6:15
1631045176.1882749,node2,a373f86818b1f9dbac60978dcf81464127bc7ff2909b27c28f3ff755b07daf0c,1631045176.1885598,89,6:16
1631045177.208713,node2,914fb620cb76698b21d6ad135dbf262f9625cd76fd50d84dcc54b0df7411d615,1631045177.2089758,88,6:17
1631045177.7712371,node2,138af8f16f043674681ee389d95f8da6011b1da01957b4f626894ec93bad4bf0,1631045177.7716658,89,6:17
1631045178.637808,node1,4ca4e62f23d65b891b05ad7e0f069f62c87bada0719a26a62dc16970e0f44ee6,1631045178.6380858,88,6:18
1631045178.6458812,node1,4b9cc4eba4a92a4af2977bd30113364196dbd0b4d144f94359776382e7ab2af5,1631045178.6462479,89,6:18
1631045178.779028,node1,8d35eb746804ca32782a89906b01cbd3f5b9ecc14e387f9d24acc9df38bc02a1,1631045178.77932,88,6:18
1631045179.00622,node2,0420eb2d876233a8b5e4b54256bc40990213a341d69e9916ce76a12044454524,1631045179.006529,87,6:19
1631045179.165313,node1,5aea99935e5697711dcba76a4f1eb296feefd3decf56f2355128d3b588fcd21d,1631045179.165487,88,6:19
1631045179.344248,node1,f8841fbdb6f4d5c932429f14716645437d9a605f6ba9bd00c81c7c818dff825f,1631045179.344568,88,6:19
1631045180.533327,node1,629605ce23feb6096cadb36cbfa51eff55c9094ca387c196d75d49d6e413979f,1631045180.533833,88,6:20
1631045180.993462,node3,0a73e9cc426a909e03976ff16698ca4c67c0fcbdc93e4a8a1e1cb6082903bb23,1631045180.9938822,88,6:20
1631045181.653171,node1,ce15548ad4fa714fa31d8a12717ebecb0596652a12521b69abff21df5e1b8ca4,1631045181.653431,88,6:21
1631045181.694865,node2,63fd14963ea50bf57dd5e6ceaca0055c5aa09b31feed3653a36b7f0661530c8f,1631045181.695153,88,6:21
1631045182.2087839,node2,bd3efc3b68dcc8f12c96e999dd74ccd5a7abc5f40ca61866fd8969080f5fc01a,1631045182.209093,89,6:22
1631045182.6020658,node1,ba0c08c552ecbf4164335f599371ce6b223d0486f534a5f51f439ab6a6cabf7d,1631045182.6025732,89,6:22
1631045182.881776,node2,1533e5f7d7fe5224e76f2bddaa1ce469f58329aa895ec7388c948885096cc43e,1631045182.882217,88,6:22
1631045182.9086888,node1,47f3337d52dfa11ab00d873330f7d11d2c6bb29726c75f36eab9e59718a13d55,1631045182.908967,89,6:22
1631045183.003856,node3,14bea79d36b0f32abf5f00ab09417a573522df72d7ab67848afec924c35142fa,1631045183.0042508,88,6:23
1631045184.070598,node3,de8e3a5f685e2222beda749b5ac1b4708e2efbc2b88852c97e9adda282139bc8,1631045184.070994,88,6:24
1631045185.088429,node2,46175f137785a014e4b6cc3f6d46052200d961a7ceaa8628cc41d93d01bdb5de,1631045185.0887392,88,6:25
1631045185.5661252,node1,b8c1e548ac05459b0cd4daafb1b79856c58db9c8f967ff41f3178be3e4ebf004,1631045185.566669,89,6:25
1631045185.8822231,node1,a92b0e09d07eac266e1094f0fbfb2c5524c8d56b7a2b730767b4ba80519bbae9,1631045185.882637,89,6:25
1631045187.1586628,node1,6e7e786ee4c74de1efaf0cfc82828e2dacd44ccf04d096d22fbb76032e456b28,1631045187.158885,89,6:27
1631045188.1438909,node3,c185c9d1fbc867e3735c2a4a57d4cc671fb3e648b9dd9b3b4855316abe6a5b34,1631045188.144269,89,6:28
1631045188.793174,node1,1d4b1dbae06afcd24500bc3fdfcb468b2f22563c8b3b2bd8a4ed8c8591359d9c,1631045188.7935731,88,6:28
1631045189.6744032,node1,8fc2b721bf41b09368854272a0f6cc2361b68810a05772b59f17c0f3dba745d8,1631045189.674874,89,6:29
1631045189.747214,node3,3e708cbabca180974112dc118a2ebf84aa5f6f8019b5c0a43a2a8572d9a71da2,1631045189.747465,88,6:29
1631045189.7719932,node2,6ff8315babfd2114a99c1d71c44c039084f465b439915af5c4fe4257ad773318,1631045189.7723038,89,6:29
1631045189.993608,node1,a65ed26215fa3280f6e2f415c783fddcecb8678da7d4f63caccad089ac46acc9,1631045189.993868,88,6:29
1631045190.499735,node1,beb721c8338eece02af0991a410a4eb9d3dc273d42534c942f0a30539008efcc,1631045190.5001621,88,6:30
1631045190.531051,node3,66e669dca07fcc92e651dc3734e2e162707617834d2371977e8244a0e52728c9,1631045190.531345,88,6:30
1631045193.33247,node2,0a102ac3d42f367349f46351b26f6962c996662e38335103df8cf7e00d3c11eb,1631045193.3328,87,6:33
1631045193.93766,node2,50808af77165674c9c20659136d1043aa10d9e123e6b2aad03c65df5aac795d2,1631045193.937963,87,6:33
1631045194.144158,node3,c078ba7f416226ff5cd00bde8ea033e3958aad5bea3edd4d58669ce2b5f75501,1631045194.144393,88,6:34
1631045194.2496052,node2,9c3ce85271cf3bf2898c756c5f0d90ef830704c37222ba4a32e6f63d359e93c0,1631045194.249897,89,6:34
1631045194.284488,node1,b13c6db2eb6d3276c5901d5d837ea61be43214fc023723b0dd9dcff80e9083b2,1631045194.284984,88,6:34
1631045194.464278,node2,fa78882709c9e2b636600bc796aea6d5801b2a78b3990c2a51fe0cc6d4e4d0dd,1631045194.4645498,88,6:34
1631045194.4934442,node2,aa70665055d433ff9c45001876a2d07e4bfb926fff44b52715400372b2fced40,1631045194.493719,89,6:34
1631045195.220654,node1,2afe1b11f91854f847635e1fdcfc76ef239271d5eaad29828ae1f005b51bae97,1631045195.221073,88,6:35
1631045196.673414,node2,64802b59296eb57aad2278c54b7a10de299c6525a1e18ef8d8ef7c958ef6c855,1631045196.673889,88,6:36
1631045197.560253,node2,ef9c5aa6d23b2a2f50eca16d2cca231e43ae2a5eab8a3eb4846538c23860e4f2,1631045197.560632,88,6:37
1631045198.443221,node2,6e72a2fcd2e6fa2e6c2133dd472a6277077294a2264d6d4ed2e236ddc86cbb04,1631045198.443684,88,6:38
1631045199.36302,node2,201f4d8848fbbf4e270cbfcb8c55825252f15a5aca754bd3bedc67f077a46db9,1631045199.363348,87,6:39
1631045199.4952152,node3,6e453052fe8d1d565126d7c7145de6ee95a7d651e2b5d64b5aee08341652bfe0,1631045199.495657,89,6:39
1631045199.5052822,node3,9f59335f0522665d94004103cf13b51f025fb64f39d4ed7b53beaa4d834087ec,1631045199.505482,89,6:39
1631045199.540836,node2,207810738febb445fdfa3b7580786c45a536f22be52a866cc922e2755f0881f8,1631045199.54125,88,6:39
1631045200.4211671,node2,c96cab2b2d094c81949d2cac56b72fae71c7804ca1b63d9369466d3cdf977fbc,1631045200.421611,89,6:40
1631045200.9295528,node1,23647365a35af6bb9a895e235bfbfa940ff3306f1e975334e6baeaca42224c78,1631045200.9299998,89,6:40
1631045201.238615,node1,05bf0a96b3479a56dade8b6b4e796f4a2fb9dc0f3101367cd50e57cfb7896e10,1631045201.238889,88,6:41
1631045202.69706,node1,d2370a3a6acac358a8ee65940fb204fac38222199276d562184177ec348d8287,1631045202.697348,87,6:42
1631045203.180649,node3,3f49bd111f590ba3e91938df237e67b177d29bfa881cbcfaed32f2b00bbf396d,1631045203.181013,88,6:43
1631045203.7392051,node3,2726f9dba66c087c81984f8241707cb059e6210f01749262f8ecf46aa085168e,1631045203.7395442,89,6:43
1631045204.7954822,node2,00facdac15730582b34939d5b29ba567fef6e017765195c01136df58e4774aef,1631045204.795891,89,6:44
1631045205.071316,node3,6aac214be939efae9844d00dfdf747d95b23eb1ab60921f7991fed342ecb36d7,1631045205.07157,88,6:45
1631045205.273288,node1,6bceaae92a105091029dc9a80945e62b0cf5e20a72d1c386f90e1509540eee5b,1631045205.27356,88,6:45
1631045205.5782888,node1,d91faa5f23dee637da77c6ba73417f23d1fed35b65a00623c0cb5b33165f7216,1631045205.5787032,89,6:45
1631045206.171818,node2,442e5a4f7ee434f64299b0780d565ea98b908431511820d5fc41a0f063098f7e,1631045206.172113,88,6:46
1631045206.33817,node3,74e8c0982970816ab4d564644cbbd01ebf19f0d53c66863dfc7be4b44d9b9a4a,1631045206.338422,87,6:46
1631045206.356582,node2,19a4cc7c944c4f0541bfbe9a199bd4ac64a7ccd7e43f06f2f5b14323f4237490,1631045206.356862,88,6:46
1631045206.4471622,node3,a038b50b34fb2cb43f4bcffdb0f5dc92160edc876cf4d8979f1dd221f878ecbb,1631045206.4475641,89,6:46
1631045206.5390809,node2,2d955cc89028619d1b5c668a94714faa693cbc5d31f1fbb3a1c84a624ee25fe0,1631045206.5393689,89,6:46
1631045208.7982578,node2,6c03a03a4d5ef5c1d6d10f6c0ec8345803d0ca759f3bfbb00801bd1999a1f83d,1631045208.79857,89,6:48
1631045210.194744,node3,6872abac40b736cb94b00c32f4ddac163f6ab29f89de0ffab11aab55b9ddb806,1631045210.195049,88,6:50
1631045210.5222368,node2,2cc1027fd1bdd3c5018dfe16766697876736ea27ce5785d5bc9e9a6c10096c8e,1631045210.52249,89,6:50
1631045210.534441,node2,1a04566f8bdca09c245fdc15aa6abb53c7200947fa320b5de1c8ac66367383ee,1631045210.5348082,88,6:50
1631045210.992394,node2,9e53fb6825e9c92566c95a2d9d25bf6b4a6caa68f3acaca08c40cf2046fe5e11,1631045210.99272,88,6:50
1631045211.3290088,node2,ebd422b7f4d7099eb84b22f44cdc5465b475f1b01950e0d86b6d5df159927bb7,1631045211.3292842,89,6:51
1631045211.915895,node3,4c4a60b5a7c67e6610c68c4d9c2dbaaf1fc12f71be8ed6d65916e82c17830b69,1631045211.916318,88,6:51
1631045212.0742972,node3,0693ea20d51927a2ee2eee68eb37f8fe4a78cfee74e6999e559282e86d1054f2,1631045212.074538,89,6:52
1631045212.394785,node3,c478b1a2b7bbb0323990ac8ab760a7a6e3a75bfdc92308cfbc318c67b9f3f38d,1631045212.395088,88,6:52
1631045214.078999,node3,1074a27b0ed2149cb8bfa9759aab9d4efda87a35af07d1b51f7e021284002b12,1631045214.079381,88,6:54
1631045214.671065,node3,739aae0e1a339eee480d4aa58d2633b7246475718e008e72082a4931360831a6,1631045214.671376,88,6:54
1631045217.5112388,node1,ebb5ddefe806ae6096c7bd0a51af739448eff08d82f09775aa50aac064d8241c,1631045217.511499,89,6:57
1631045219.40223,node3,2b739c1f24bc574cd77a2f4cffaa472a094f4e5e8bfea956b7f3b2cf0b302531,1631045219.4027011,87,6:59
1631045219.511044,node3,6fa00962375564d407740a4569dc0e43026067c8fa327d1dee9d1e45e509e5e0,1631045219.511322,88,6:59
1631045219.565259,node2,bf9ca35b442fbd0bef5d278b8cce6f4bca7cf829cfa57653299cab5fff567788,1631045219.565684,88,6:59
1631045220.298501,node3,22e787ef4cd47110853da79298e87d2fe24c61af43e0a412b548d062bb27d610,1631045220.298815,88,7:0
1631045220.558517,node1,b8c1f267cc507e0d88f01fe3a2c63ae3c5529f5c7953089416430bcc1f87cc54,1631045220.5588,88,7:0
1631045220.571048,node2,f36a0b8b53201ae6f9b91c32dfc0fb33b3e2aa11beca69bb299df48f3a2105ce,1631045220.571302,88,7:0
1631045220.946701,node1,6731c7f77667aa3dbf856d6ab8b9df7535ef73d46d0af213d515faa05acebe43,1631045220.9469929,88,7:0
1631045221.237536,node3,a60673478f4e312a77b38e70b959fb58f2997b789c3087bd08621bbb6f95e250,1631045221.237851,88,7:1
1631045221.567297,node3,cd09a82015eaaecd358071be83b54b892952e3f9773178717248adf6329e5e53,1631045221.567725,88,7:1
1631045221.692634,node2,47bce25e0836b9151f10372e5f47b20404289b08e15ec5beeeb2a9e75f447666,1631045221.693046,88,7:1
1631045221.887566,node1,857d75525482108518ea4b8c6aaaad917694de07e1c73033b024f8a417e8a398,1631045221.88797,88,7:1
1631045223.9375281,node3,cfcb5a58d2beb71a2ffcafb9b388c49c741a68a9f17dab7b5afff044e1324d72,1631045223.937899,89,7:3
1631045223.937571,node1,9c3a816456533c3adcf201f34d6d602442e8beae3d88117bfa548498025e260c,1631045223.938008,88,7:3
1631045224.2806349,node3,a2c358ad756b9cee357f7f9d644e1fff736aed8a9112d922db362b84a3ed75fb,1631045224.281086,89,7:4
1631045224.504014,node1,c44501f7402bec7d60575ea1fa634145f010e26984f0db39242e062622e48231,1631045224.5044951,88,7:4
1631045225.095916,node3,acc551eed30007ad7d0b212514f81c1603f79068ac3786022de70ba696c80554,1631045225.096354,88,7:5
1631045226.900318,node3,ee467b8273d982c2603c97bbd5b18aa493e6a67776be6d888c0aacf9258a8f8f,1631045226.900774,88,7:6
1631045228.632291,node3,8ff140625ab94145ac5c3f79594c64d170d6805c4b9fb038e7a7e82a6cfab620,1631045228.632718,88,7:8
1631045230.4084659,node2,070f3316c69fe922df35279d422cb818550f889fe5e9a5d34485271d09725c89,1631045230.4088,89,7:10
1631045230.4563131,node3,56faee1234612fa3eb850f01225ad81ff89adde7b748471cec7875622c4145f7,1631045230.4566169,89,7:10
1631045230.70064,node1,f3940f528f73b327964f6cc678b9367d71b00a796fc7cb95a78b6058e51c8ca8,1631045230.70107,87,7:10
1631045231.354029,node1,7164df3d1ba922c6015800d7fe239dc43513302ff23feeb51403baff4bc8f49e,1631045231.354465,88,7:11
1631045231.6710458,node1,ae8b645bce4293d1bedeb9ae4a0dde1e9518991ef0bb145aef2336a30a652c2e,1631045231.671346,89,7:11
1631045232.44303,node3,072b3aa38317ad439ea945d05b57741f0f731c20dffdeb07d4d55ae86f2e24f5,1631045232.443276,87,7:12
1631045232.716458,node3,bfbc63476d1b4ded0deb156e513589343a068ddf1c752668f38375da99eb5e18,1631045232.716758,88,7:12
1631045233.33657,node3,479709f59a663dad63ccee9fbbc543238d634f6ad9020a7739eff8dda00ecb58,1631045233.337044,87,7:13
1631045233.394432,node1,c5986006d79bb5eb6f2d930f14dace639d1b46930154beea078041b994f1382d,1631045233.394859,88,7:13
1631045233.839411,node1,94621cf19b28e3f19e0e0d3445d8e4aa2717fa7c5c5da77f818f8ee46785fb85,1631045233.8396952,88,7:13
1631045236.937492,node1,4686d225819830b85412797c52ac68e795856775b4bf9468e9d2e714dbb4b1b9,1631045236.938036,88,7:16
1631045237.196757,node1,68501a86bb189addadb79c8a3d8289777d7a297dfcefa94ac2096c86ccf174f7,1631045237.1970618,88,7:17
1631045237.994578,node3,ad32765e4826c3d808e22807bc951f3e603a5385959419fab6f22e47e7dd19d6,1631045237.994884,88,7:17
1631045239.4767108,node1,7b35d818171f599611fb1cca55eab8a78604e3694093b4b06af0ada656cd6274,1631045239.4771671,89,7:19
1631045240.02092,node3,ce91b83d33f6d310afac49701f673d2b0a2d657ca7538c035b3564083b3e1bc4,1631045240.0211892,87,7:20
1631045240.912452,node2,dc14802954cb5350d1e0eab054f077c015769c96422816ea7dda0dc15d83f761,1631045240.9126358,88,7:20
1631045242.661886,node2,458b73f3b4d49557f956d074a914ab5fbb387ac1fb8811b1a3e7404df54766c6,1631045242.662459,88,7:22
1631045242.7131178,node3,2348a48a1e236293222f2335c272ea1d2fd7fd2fd381e34880a347afc148a12a,1631045242.713399,89,7:22
1631045243.015245,node1,4658a8ebe81b9d1036250951cfd5083970f4dc6a5f175ba79b0b8158948c4a11,1631045243.0156102,88,7:23
1631045244.0779588,node2,f2a64526cf30b06c0cc5e555c2641480b48337ab3f871cc100bc1dabc2a8fb49,1631045244.0782201,89,7:24
1631045244.827391,node2,86bde86cb34cbeb6177528abd20f69c1d39e20e11593227ae71d06d335f0fbef,1631045244.8276649,88,7:24
